Alacrity,
Ameliorate,
Austere,
Diatribe,
Exacerbate,
Garrulous,
Inchoate,
Irascible,
Laconic,
Obsequious,
Perfunctory,
Phlegmatic,
Prevaricate,
Reticent,
Aesthetic,
Ascetic,
Banal,
Dupe,
Eclectic,
Emulate,
Enervate,
Ephemeral,
Erudite,
Esoteric,
Facetious,
Foment,
Implacable,
Insipid,
Lucid,
Obdurate,
Placate,
Probity,
Recondite,
Relegate,
Tirade,
Tortuous,
Arduous,
Contentious,
Embellish,
Endemic,
Gainsay,
Immutable,
Maverick,
Morose,
Officious,
Rescind,
Venerate,
Belie,
Craven,
Impervious,
Paucity,
Delineate,
Futile,
Rarefied,
Reprobate,
Apathy,
Burgeon,
Contrite,
Effrontery,
Gregarious,
Hyperbole,
Innocuous,
Malleable,
Meticulous,
Pragmatic,
Repudiate,
Vacillate,
Ambiguous,
Assuage,
Bolster,
Capricious,
Caustic,
Chicanery,
Deride,
Disabuse,
Disparate,
Dissemble,
Equivocate,
Mitigate,
Mollify,
Mundane,
Obviate,
Ostentatious,
Paragon,
Penury,
Pristine,
Prodigal,
Propitiate,
Refute,
Salubrious,
Soporific,
Specious,
Sporadic,
Whimsical,
Aberrant,
Anachronism,
Analogous,
Antipathy,
Artless,
Assiduous,
Attenuate,
Audacious,
Convoluted,
Disinterested,
Dogmatic,
Ebullient,
Engender,
Fallacious,
Flag,
Harangue,
Inundate,
Invective,
Lassitude,
Latent,
Levity,
Mendacious,
Misanthrope,
Neophyte,
Onerous,
Pedantic,
Perennial,
Perfidious,
Platitude,
Presumptuous,
Sanction,
Solicitous,
Stolid,
Torpor,
Volatile,
Abeyance,
Abscond,
Admonish,
Appropriate,
Buttress,
Catalyst,
Commensurate,
Confound,
Conundrum,
Deference,
Denigrate,
Discrete,
Disingenuous,
Disseminate,
Elicit,
Dissolution,
Dormant,
Fledgling,
Goad,
Homogeneous,
Impede,
Luminous,
Penchant,
Precarious,
Proscribe,
Reproach,
Resolve,
Reverent,
Tenuous,
Tractable,
Verbose,
Appease,
Complaisant,
Derivative,
Desiccate,
Dichotomy,
Grandiloquent,
Irresolute,
Recalcitrant,
Refractory,
Viable,
Veracious,
Anomalous,
Compendium,
Welter,
Diffuse,
Discerning,
Impermeable,
Indeterminate,
Oscillate,
Precipitate,
Secrete,
Cogent,
Iconoclast,
Connoisseur,
Decorum,
Desultory,
Fatuous,
Lethargic,
Plethora,
Vituperate,
Alleviate,
Amalgamate,
Approbation,
Aver,
Condone,
Dirge,
Disparage,
Efficacy,
Elegy,
Eulogy,
Euphemism,
Exculpate,
Flout,
Imperturbable,
Inadvertent,
Incongruous,
Ingenuous,
Loquacious,
Proliferate,
Propensity,
Pungent,
Recant,
Strut,
Tacit,
Adulterate,
Bombastic,
Burnish,
Dissonance,
Distend,
Divest,
Empirical,
Enhance,
Felicitous,
Gullible,
Indolent,
Inert,
Intractable,
Laud,
Occlude,
Pervasive,
Plummet,
Profound,
Propriety,
Shard,
Stigma,
Stipulate,
Subpoena,
Substantiate,
Wary,
Anarchy,
Boorish,
Coda,
Complaint,
Discordant,
Discrepancy,
Equanimity,
Forestall,
Gouge,
Guileless,
Impassive,
Indigence,
Inherent,
Inured,
Metamorphosis,
Negate,
Partisan,
Preamble,
Precursor,
Prohibitive,
Quibble,
Quiescent,
Recluse,
Resolution,
Saturate,
Savor,
Tangential,
Zealot,
Viscous,
Aggregate,
Apprise,
Beneficent,
Coagulate,
Conciliatory,
Warrented,
Truculence,
Transgression,
Converge,
Daunt,
Default,
Deterrent,
Discredit,
Disjointed,
Dismiss,
Distill,
Diverge,
Document,
Facilitate,
Idolatry,
Impair,
Implicit,
Implode,
Incorporate,
Insensible,
Insinuate,
Itinerary,
Levee,
Log,
Pathological,
Qualified,
Satiate,
Skeptic,
Spectrum,
Stint,
Striated,
Subside,
Supersede,
Supposition,
Cacophony,
Fawning,
Abate,
Opprobrium,
Abstemious,
Fervor,
Plasticity,
Extrapolation,
Inconsequential,
Malingerer,
Sage,
Ambivalence,
Castigation,
Diffidence,
Digression,
Exigency,
Frugality,
Insularity,
Intransigence,
Permeable,
Piety,
Porous,
Problematic,
Shyness,
Magnanimity,
